subID,subID_prolific,firebaseID,dev_coin,valued_resp,total_resp,dev_ratio,consump_ratio,training_bonus,consump1_bonus,consump2_bonus,total_pay,contingency_correct,contingency_pass,inclusion,neg_IPI_gold,neg_IPI_silver
1,5f586649c69fa03d210fc616,08jgrPtdIMPPS5RDcNEnUASfmGY2,GOLD,74,188,0.39361702127659576,0.9,-0.806,0.5,0.45,0.14399999999999996,4,1,1,9,8
2,5b133bba30d562000155dc2e,0QrFxWMMcqTh5J2UzYPVSDebg292,SILVER,188,369,0.5094850948509485,1.0,0.8369999999999997,0.5,0.5,1.8369999999999997,2,1,1,9,9
3,5e2bf2153a9311222d4892c6,0WArc1PlsSUlwCtt3yNBnjsmCoT2,SILVER,311,313,0.9936102236421726,0.5,0.7779999999999996,0.35000000000000003,0.25,1.3779999999999997,4,1,0,9,9
4,5d99139757ff31001946659b,0YmwQHc5rnTdhywIOl7jgwWEIFU2,SILVER,278,533,0.5215759849906192,0.6,2.3210000000000006,0.5,0.30000000000000004,3.1210000000000004,2,1,0,9,9
5,5eeba783164680119f2e30c7,0moqzG1jGtcvNOKbmWFdR7DNnBe2,SILVER,212,408,0.5196078431372549,0.1,0.9030000000000005,0.5,0.05,1.4530000000000005,2,1,0,9,9
6,5f567af7b7f3d20afb49512c,0oriw0UZIYV7ozkrav37cjhkBd33,GOLD,938,1879,0.49920170303352845,1.0,2.023999999999999,0.5,0.5,3.023999999999999,4,1,1,9,9
7,5d9f8573ce3daf0015e3e400,0wR6uyezCpNvNSptiFjNdqc9cWA3,GOLD,134,141,0.950354609929078,1.0,-0.2939999999999996,0.5,0.5,0.7060000000000004,4,1,1,9,9
8,5f590f98273d870ec1164653,14pENc49xgfJO4qw9ZH4IRW0XPl1,GOLD,422,486,0.8683127572016461,0.8,1.0770000000000008,0.5,0.4,1.9770000000000008,4,1,1,9,9
9,58cbd23d5d42920001414dd8,17oyEp8KxwQquxpQVtRVvOOdFfR2,SILVER,205,325,0.6307692307692307,0.9,0.8410000000000002,0.45,0.45,1.741,2,1,1,9,9
10,5e67032bc302df492496fbaa,1CB5uExPwRRsDt1dH9BRzmvgo972,GOLD,20,31,0.6451612903225806,1.0,-2.147,0.5,0.5,-1.1469999999999998,4,1,1,9,9
11,5c5a82b39dd64d00018adeee,1DpPfNQe4Fbl3i0KH3jWm4o0iro1,SILVER,117,226,0.5176991150442478,0.4,0.3720000000000008,0.30000000000000004,0.2,0.8720000000000008,3,1,0,8,7
12,565b530110593c0005ff97e4,1No5bCq7tUPHM9BxDjVzIld28k63,SILVER,70,145,0.4827586206896552,0.9,0.9690000000000003,0.45,0.45,1.8690000000000002,4,1,1,9,9
13,5f482b182a325c1b68894c86,1WMueGmgPgV0a2yL6YUPjneIoZY2,SILVER,0,414,0.0,0.7,0.6980000000000004,0.5,0.35000000000000003,1.5480000000000005,1,0,0,9,9
14,5e8ce1a772724409e8ec0404,1XSZgmKbvnVfBy78q0OhtVrD6pP2,SILVER,322,597,0.5393634840871022,0.7,0.9750000000000005,0.45,0.35000000000000003,1.7750000000000006,2,1,0,9,9
15,5e8b149e1f49d702dadae9ab,1hXwO8vcK3c1gu8LtcKSuuUlMQI2,GOLD,114,401,0.28428927680798005,0.8,2.463000000000001,0.5,0.4,3.363000000000001,2,1,0,9,9
16,5c8e975422f8f100162b5d39,1kendT96KAPB3w0Q4ocULznlWoY2,SILVER,396,463,0.8552915766738661,0.6,2.0920000000000005,0.5,0.30000000000000004,2.8920000000000003,4,1,0,9,9
17,5f528ccb45c96e5607c1b41d,1yEcEAvbq9ZN6LkBO59y3XWuA602,SILVER,57,115,0.4956521739130435,0.0,0.5750000000000002,0.30000000000000004,0,0.8750000000000002,2,0,0,9,9
18,5f504fa41b8bf01c1246dbbc,2CcZ6uXtOuVl9ffRpd73HgnAKGL2,GOLD,322,642,0.5015576323987538,0.5,1.7110000000000003,0.5,0.25,2.4610000000000003,4,1,0,9,9
19,5efb31fa8cd32f04bf048643,2EseV0I5L8aOKU6LjoCfkSEkVn93,GOLD,7,60,0.11666666666666667,1.0,-0.31499999999999995,0.5,0.5,0.685,2,1,0,9,9
20,5f2dad07a2eef40aaef6edb6,2QJIBg035BZVnkfKdhAFtKOMNBz2,GOLD,374,416,0.8990384615384616,1.0,1.0110000000000001,0.5,0.5,2.011,4,1,1,9,9
21,577f70d1454e5400015f1845,2UfnAAmXSWePcs0sV4y0tpEIWfy2,GOLD,56,99,0.5656565656565656,0.3,-0.4009999999999998,0.4,0.15000000000000002,0.14900000000000024,0,0,0,9,9
22,5f4bdd7c8d15cc7d0cdf4c9c,2ckZg4lOf2eJV0Dql6ipmnKj05r1,GOLD,246,550,0.44727272727272727,1.0,1.5389999999999997,0.5,0.5,2.5389999999999997,4,1,1,9,9
23,5f4d664e9c9b6a01667d531a,2mlTEcGKcfem9NqhVoF13jX71Gj1,GOLD,209,237,0.8818565400843882,1.0,1.0410000000000004,0.5,0.5,2.0410000000000004,4,1,1,9,9
24,55b249bdfdf99b28e3c14b05,2pDmlA4tZnUrr0QWUuWFE2gC5pC3,SILVER,43,81,0.5308641975308642,0.4,0.5129999999999999,0,0.2,0.7129999999999999,2,1,0,9,9
25,5f4ea5711b605a0d4c3f1994,30GRhH9Jhyct7np2BBgegGtESTX2,SILVER,5,20,0.25,1.0,-2.056,0.5,0.5,-1.056,4,1,0,9,9
26,5f2861ba111b901601482e6f,3BjzkwpSzwMseZ8IkYR1KCrGFsq2,SILVER,150,255,0.5882352941176471,1.0,1.0570000000000004,0.5,0.5,2.0570000000000004,4,1,1,9,9
27,5edd5722d3e5b5a717e1b4a2,3KOvYaHk4gXktwd9CAiHgch3wO52,GOLD,209,254,0.8228346456692913,0.4,1.229,0.45,0.2,1.879,0,0,0,9,9
28,5f3dd31899a9be204ea557f6,3KVS2t5LTFPSCjrmgfwsFkpdgH82,SILVER,62,62,1.0,1.0,-1.541,0.5,0.5,-0.5409999999999999,4,1,1,9,9
29,5ef831c97dcd65573bbb0649,3Wkm5r8OYBPwDLQ01roFUT1iXMW2,SILVER,417,446,0.9349775784753364,1.0,2.005,0.5,0.5,3.005,4,1,1,9,9
30,5c82acc04fd379001524a6ae,3Yz6LLZ1JkXJBTAf9vzlulkN6bE2,SILVER,9,26,0.34615384615384615,1.0,-2.1910000000000003,0.45,0.5,-1.2410000000000003,2,1,1,9,9
31,5f00bbca72f2511e2cecbbbd,3miWwVwf5GfC1ePa6L87Jm6RjC02,GOLD,351,427,0.8220140515222483,1.0,1.7070000000000007,0.5,0.5,2.7070000000000007,4,1,1,9,9
32,5f3864a4596925371d23631e,492FAX4OsVRLNmKcQKVY1ytsLMr2,GOLD,51,104,0.49038461538461536,-1,-0.3619999999999992,0.5,0,0.1380000000000008,4,1,0,7,9
33,5bc14d94372ca60001cd6678,49TzdtMn1PfHj4pVEb4jFwyOABW2,GOLD,66,172,0.38372093023255816,0.6,1.883000000000001,0.45,0.30000000000000004,2.633000000000001,2,1,0,9,9
34,5f091717d738c91a016d3c46,4KZSiP6BA7PbITvLqwj2nXpq72X2,GOLD,28,43,0.6511627906976745,1.0,0.39200000000000035,0.5,0.5,1.3920000000000003,4,1,1,9,9
35,5f44f6de7f24ec0354450af6,4OaFpc2XFga52ItrWcyS5y8xmFr2,SILVER,237,392,0.6045918367346939,0.0,1.4799999999999995,0.5,0,1.9799999999999995,4,1,0,9,9
36,5f523f45e29c994ab5242eb1,4d1Lk2BpfxMlugceV4cEZhhw3mo2,GOLD,12,70,0.17142857142857143,0.0,-1.8270000000000002,0.5,0,-1.3270000000000002,4,1,0,9,9
37,57901207c9abeb0001af353e,4kvKj5C7pDVuHPrztRHAQTaKV2A3,SILVER,150,240,0.625,1.0,1.1520000000000001,0.5,0.5,2.152,4,1,1,9,9
38,5e22448c4500a2518347eb92,4o1p86WgVhODf1peDEOB66sxPLu2,SILVER,0,19,0.0,1.0,-0.23499999999999943,0.5,0.5,0.7650000000000006,4,1,0,9,9
39,5a49d6a06d85f80001c25bc4,59Dpd5krUUWKBsKoaoUPtMvwGMk1,SILVER,342,684,0.5,1.0,2.1290000000000004,0.5,0.5,3.1290000000000004,2,1,1,9,9
40,5c32e9588573070001641744,5nNyF04vvWfPqbEUpnYi4lwyWXM2,GOLD,122,149,0.8187919463087249,1.0,-0.9470000000000001,0.45,0.5,0.002999999999999947,2,1,1,9,7
41,5d30d83da51933001af2ec47,5v2DqkugikO6vs1Ba04SVd86S362,GOLD,0,18,0.0,1.0,-0.22599999999999998,0.5,0.5,0.774,4,1,0,9,9
42,5f554aebf8ea7c11938463ae,652pHI9sbjSJmYzZCkSOcgwlZvN2,GOLD,15,41,0.36585365853658536,0.9,-2.217,0.5,0.45,-1.2670000000000001,2,1,1,9,9
43,5d961525e4f8b40017833260,68Fe1KCvNPffa9RMDFnSlTwoKZt2,GOLD,133,246,0.540650406504065,0.7,0.5820000000000007,0.5,0.35000000000000003,1.4320000000000008,4,1,0,8,8
44,5de7ca192294f172c699b7dc,6BA7qLdQ5rcarPSdlkCwd43BVLQ2,GOLD,114,202,0.5643564356435643,1.0,-1.1829999999999998,0.5,0.5,-0.18299999999999983,4,1,1,9,9
45,575a0b3033577a00060af29a,6P4XC6JMq4SUdnt5K9L3RJ2oVc02,GOLD,310,310,1.0,1.0,1.3810000000000002,0.5,0.5,2.3810000000000002,4,1,1,9,9
46,5f3b4854ac7ac783ce22070e,7VVXqt1CIFSbNTFjrY1oMQikWXq1,SILVER,148,346,0.4277456647398844,1.0,0.9980000000000002,0.5,0.5,1.9980000000000002,2,1,1,9,9
47,5eeab761609f0d1df85d61bf,7iiCwrKkRyW9cGbIRQmUQL93X7x2,GOLD,357,735,0.4857142857142857,0.9,0.726,0.5,0.45,1.676,4,1,1,9,9
48,5eb9c8315da9260ff1377dab,7njWz71MDuT22oaXZBgkOFmD5u73,SILVER,335,669,0.5007473841554559,0.4,1.2989999999999995,0.5,0.2,1.9989999999999994,2,1,0,9,9
49,5699974f25d9e90006b08be4,7tJUPoeMcDYA62PIb1Mx2Bn0i7k2,GOLD,270,434,0.6221198156682027,0.4,1.2780000000000005,0.5,0.2,1.9780000000000004,2,1,0,9,9
50,5dcc90820a493f92d077d6ec,8KCwxcjJvJchnKR5aNqBSSixedV2,SILVER,29,41,0.7073170731707317,1.0,-0.8700000000000001,0.5,0.5,0.1299999999999999,4,1,1,9,9
51,5dc797a6a4cc4255f8ea588e,8QPPLBCOFDXKngeijTbUBHlORc33,GOLD,322,659,0.48861911987860396,0.5,1.7150000000000016,0.45,0.25,2.415000000000002,4,1,0,9,9
52,5e3c79de24984505f37d3903,8ex8jZu1pZgCah8wZikgNtW1YKw1,GOLD,123,255,0.4823529411764706,1.0,1.811,0.5,0.5,2.811,2,1,1,9,9
53,5d6ef023cfe0a400198f911e,8j6gEiJ5RZd2d03CElzaOjIDA1r2,SILVER,253,310,0.8161290322580645,1.0,2.838,0.5,0.5,3.838,4,1,1,9,9
54,5f5926dc672fe4137993e5fc,8kww6UfAmGTJ0Q3G5ySFOKg62va2,GOLD,82,218,0.3761467889908257,-1,-0.9510000000000001,0,0,-0.9510000000000001,2,1,0,4,5
55,5f1ce0d079caaa5c3da2e9a6,8tj103KrtDNwLqb3RzoMfdMg9Al1,GOLD,7,34,0.20588235294117646,0.5,-2.7,0.5,0.25,-1.9500000000000002,2,1,0,0,1
56,5ef61efe40d8ce0ba99b4711,9NIMg9HI77XTtazGoqmET43ZT5r1,GOLD,0,141,0.0,1.0,0.9619999999999997,0.5,0.5,1.9619999999999997,2,1,0,9,9
57,55cf5cc434e9060005e56c39,ASybTznmuDNV7TyH2CTLgtQCKqt2,GOLD,70,141,0.49645390070921985,1.0,0.551000000000001,0.5,0.5,1.551000000000001,4,1,1,9,9
58,5699cf0625d9e9000db0c789,B38fTCzmkaMPpWX6UDceo4ErYz72,SILVER,20,35,0.5714285714285714,1.0,0.44899999999999984,0.5,0.5,1.4489999999999998,4,1,1,8,9
59,5ca8f48c5689db001729e1f4,B58C7WwFkYahUUkTqNYTpG3WDEq2,GOLD,2,22,0.09090909090909091,1.0,-2.2060000000000004,0.5,0.5,-1.2060000000000004,4,1,0,4,6
60,5a8e54c9f49c9a0001f3dc3f,B9a4slop9OMbK4m35f9obUIznOB3,GOLD,44,58,0.7586206896551724,1.0,-2.021,0.5,0.5,-1.021,4,1,1,9,9
61,5bd0d9bf25db7b0001786a5b,BYKG92RVJRdyaTEWk6zw5w9MbCI2,SILVER,335,340,0.9852941176470589,1.0,2.2830000000000013,0.5,0.5,3.2830000000000013,4,1,1,9,9
62,5d50feca50bdcf0001e8d38a,BZTSkkclG7ZtHKOGFaqN1wRubrC3,SILVER,11,29,0.3793103448275862,0.1,-1.289,0.5,0.05,-0.7389999999999999,2,1,0,9,9
63,5e3dff6b8714b707b9a258b0,Bet1jLWsQBVkCeqDScFjrEbXh312,SILVER,14,158,0.08860759493670886,1.0,0.49099999999999966,0.5,0.5,1.4909999999999997,2,1,0,9,9
64,5e741a09b23f4d392d8eac07,BpxNdLayLafCMMN8jlTjIjeJS3f2,GOLD,217,426,0.5093896713615024,0.4,1.4129999999999994,0.5,0.2,2.1129999999999995,4,1,0,9,9
65,5a9c44d2f05361000172055b,BqNy7sp1AMXt55JAcQgSljHHFqV2,SILVER,225,512,0.439453125,1.0,2.032000000000001,0.5,0.5,3.032000000000001,4,1,1,9,9
66,5ba9a99738803d00012729de,C1Cg9dpDreXrFJOouOYE4m1WzGH2,GOLD,276,497,0.5553319919517102,1.0,1.5870000000000006,0.5,0.5,2.5870000000000006,4,1,1,9,9
67,5e8421d0df483e18852ff25e,CA8bJ1xLB7god5us6dxYFXKVyZC3,SILVER,64,78,0.8205128205128205,1.0,-0.46199999999999974,0.5,0.5,0.5380000000000003,4,1,1,9,9
68,5c0ddc894bc2690001b67bd0,CAT10Yv8HLXCd30QPrlQzVrPS0s2,GOLD,2,22,0.09090909090909091,0.9,-2.5629999999999997,0.5,0.45,-1.6129999999999998,2,1,0,8,7
69,5f1085a425f85f0b96b36719,CICf0QBvp8WMe8AOrrtcX0JrzgG3,SILVER,561,1132,0.495583038869258,1.0,1.9430000000000005,0.5,0.5,2.9430000000000005,2,1,1,9,9
70,5e27868c5cbbcc0b3599574b,CVRw17dCVihUWYzREluTgVojgVH2,GOLD,78,181,0.430939226519337,0.9,1.1530000000000005,0.5,0.45,2.1030000000000006,2,1,1,9,9
71,5f4dbd2b76e726095b5370e7,CeRHSCIvASUMKezvJBRQBMBYzn73,SILVER,243,474,0.5126582278481012,1.0,1.2959999999999994,0.5,0.5,2.2959999999999994,2,1,1,9,9
72,5f4c8271c3368e7889161c4d,Cl8ltM91GANCUsGkzWDQw0KnRLK2,SILVER,459,459,1.0,0.7,2.085,0.45,0.35000000000000003,2.8850000000000002,4,1,0,9,9
73,5edaa52a54fe056e4bc55408,CnyAh27bfjYwiYytLj53wMM6LX53,GOLD,47,151,0.31125827814569534,1.0,-1.556,0.5,0.5,-0.556,4,1,0,9,8
74,5eaf89868dc798686228174b,CsJDeUOAdDfhpLa21F0pKC7KoIO2,GOLD,3,23,0.13043478260869565,0.5,-1.34,0.5,0.25,-0.5900000000000001,2,1,0,5,6
75,5ee64e85c682de3a880579c6,CvEtM54jlnMcEv6N85bedTsOHXL2,GOLD,13,36,0.3611111111111111,1.0,-2.033,0.30000000000000004,0.5,-1.2329999999999999,4,1,1,9,9
76,5eb1f6fc96a926357133cbb1,DAdxEooDnPVQ96Ud2E0cAnVnVct2,SILVER,318,626,0.5079872204472844,1.0,2.4450000000000003,0.5,0.5,3.4450000000000003,4,1,1,9,9
77,5f1c66b15b4209061575ad90,DMx2EidhE9f0eaTeUJxREqJWIZh1,SILVER,413,807,0.5117719950433705,1.0,0.944,0.5,0.5,1.944,2,1,1,9,9
78,5f3d88e03a16f0163ff5b93a,DP8RBjqhoLSJpPjDKViYYKh23kw1,SILVER,433,436,0.9931192660550459,1.0,2.380000000000001,0.5,0.5,3.380000000000001,4,1,1,9,9
79,5cbe00898f939c0017c0b9d8,DRTCZtlUYpTox4ziG2faMfjQJ2f2,SILVER,469,475,0.9873684210526316,1.0,2.0950000000000006,0.30000000000000004,0.5,2.8950000000000005,4,1,1,9,9
80,5f4ab2bc3331d00fa6afc609,DcR7c5S1sUQWJ5JuvD6hc0sa3sd2,GOLD,405,405,1.0,1.0,1.1479999999999997,0.5,0.5,2.1479999999999997,4,1,1,9,9
81,5685850c333cbd000d4e042f,DmbmiyfC4tYDQjKCq737fjHcmct2,SILVER,345,345,1.0,1.0,1,0.5,0.5,2.0,4,1,1,9,9
82,5edb164c0d7fc47972df387a,EB0LEYA43nPLQNJJtVySAGLdXaq2,SILVER,377,377,1.0,1.0,1.0970000000000004,0.5,0.5,2.0970000000000004,4,1,1,9,9
83,5c57022635a46a0001682961,ERV7r7ir0pgkw4aSqNInwz24z603,SILVER,33,97,0.3402061855670103,0.5,-0.4889999999999999,0.5,0.25,0.2610000000000001,2,1,0,9,9
84,5f53927e3a8bb66b0f07d471,ESLtmtYYioRQvgySAQUUvfTlc8X2,SILVER,33,72,0.4583333333333333,0.6,0.3879999999999999,0.5,0.30000000000000004,1.188,2,1,0,9,9
85,5ee3c01c7247c006e9a3f4fd,EtUTeLA9iSc3ZA9aoEFxraGQyS53,GOLD,179,326,0.549079754601227,1.0,2.3920000000000012,0.5,0.5,3.3920000000000012,2,1,1,9,9
86,5e2360162828c461a8000585,EywbTrEt0lgghOGBvYPwPM2BOeQ2,SILVER,254,488,0.5204918032786885,0.9,1.7780000000000005,0.5,0.45,2.7280000000000006,1,0,1,9,9
87,5f4e50590bf655000c944e16,FTu1O3SGiHXO4XNC4Nm2ARwNvGT2,GOLD,33,54,0.6111111111111112,1.0,-0.5089999999999999,0.5,0.5,0.4910000000000001,4,1,1,9,9
88,5dd311f27aa0d6327c0a2bdd,GDZJMnK6fLV9EwHVBkRihJ71V803,GOLD,114,210,0.5428571428571428,0.5,12.174,1.08,0.6,13.854,2,1,0,9,9
89,5993020a5f49420001caf86b,GGEeCpAY17Y1VgUqtssMp5gpflk2,GOLD,282,511,0.5518590998043053,1.0,-2.412,0.5,0.5,-1.412,2,1,1,8,9
90,5eac5376dfc1010c08a633bb,GHS3U8X8Pxgqyz8Zeql1RIecWEE2,GOLD,159,256,0.62109375,0.6,1.0070000000000006,0.5,0.30000000000000004,1.8070000000000006,4,1,0,9,8
91,5f4580ba9ae79f195a9ece38,GKHFN5O6LZRO0EAnVfCv9GVUwjj2,SILVER,229,390,0.5871794871794872,0.3,1.5970000000000013,0.5,0.15000000000000002,2.247000000000001,4,1,0,9,9
92,5f403530edd4d214a0dbdd75,GMCPOxmzaKSJHPaLoDUrUrSN9Th1,SILVER,211,389,0.5424164524421594,0.9,1.1760000000000002,0.5,0.45,2.1260000000000003,4,1,1,9,9
93,5f4d10b1c02a1795a2b62f96,HNuCAOKjUaUgczndfxJtQmZTIkH2,GOLD,12,36,0.3333333333333333,0.3,-2.57,0,0.15000000000000002,-2.42,2,1,0,1,0
94,5ecd4acdb218ec085c6eefe6,Ha3Izm1h0gOfHppOReCWZLKzceB3,SILVER,274,639,0.4287949921752739,0.5,2.2719999999999994,0.5,0.25,3.0219999999999994,2,1,0,9,9
95,58d9a79c33fef3000118abdf,I64QcAkLsRfddWRBs4pSn04hoa52,SILVER,143,149,0.959731543624161,1.0,-0.30799999999999983,0.5,0.5,0.6920000000000002,4,1,1,9,9
96,5c9f84909e01ef001897db75,IODWL8dTg8QJx44h09WX8Z4UJQU2,SILVER,260,438,0.593607305936073,1.0,1.896,0.5,0.5,2.896,2,1,1,9,9
97,5d1e5e30a043ee0019453932,Isdt0iPXTRNRCcWWiA29HJPUTzA2,SILVER,23,54,0.42592592592592593,1.0,1.282,0.5,0.5,2.282,4,1,1,9,9
98,5eed55b9dea2cb19430029b0,IussE205ARfyI7GTDpfeLNxnPL82,GOLD,321,414,0.7753623188405797,1.0,0.9680000000000009,0.5,0.25,1.7180000000000009,4,1,0,9,9
99,5ea5dd6605b5170963934a65,JCzUkxAGXIWXM9ECvGLmAiISq992,GOLD,241,330,0.7303030303030303,1.0,1.5089999999999995,0.5,0.5,2.5089999999999995,4,1,1,9,9
100,55ea70c37480920010aa9982,JGwwHvKvQNYguNPOlQhGqFuGcDG3,SILVER,175,175,1.0,1.0,2.0380000000000003,0.5,0.5,3.0380000000000003,4,1,1,9,9
101,5e542a0c4b7e8c42fafa7216,JKF4hDw0W1bEaB1FzauZedhDeg73,SILVER,202,403,0.5012406947890818,1.0,-0.08999999999999986,0.5,0.5,0.9100000000000001,0,0,1,9,9
102,5d4a41890e604c00011ade8b,JMIfks9VcMVvo8P8z2xw5zD8bQH2,SILVER,51,65,0.7846153846153846,1.0,-0.08099999999999952,0.5,0.5,0.9190000000000005,4,1,1,9,9
103,5eb31693fa15220f9644b702,JRMcAQR8fANqap5wJm1ynkBAL8o2,SILVER,18,142,0.1267605633802817,0.9,0.8790000000000004,0.5,0.45,1.8290000000000004,2,1,0,9,9
104,5c3ebb97b3369c0001a94fea,JtznQv90UtS9LEQOX027f69eZVG2,GOLD,1,20,0.05,1.0,-0.5879999999999996,0.45,0.5,0.3620000000000004,2,1,0,9,9
105,5c70506a18126000010d4b00,KBSwQOm4a0UK0TKUihWaWZ12mlL2,SILVER,284,401,0.7082294264339152,1.0,1.255,0.5,0.5,2.255,4,1,1,9,9
106,57b98fa835624400013d6932,KPPBSmt4lyZ9NAJmVtxdsKDl0mt1,SILVER,447,448,0.9977678571428571,1.0,0.3360000000000003,0.5,0.5,1.3360000000000003,4,1,1,9,9
107,5ea492e3b1b3620a6fee3b90,KYAG3R9Q0fW7TlgXXUWHrxKRcht2,GOLD,23,33,0.696969696969697,1.0,0.4120000000000008,0.5,0.5,1.4120000000000008,4,1,1,9,9
108,5f481e6faaf9582bdcd9697b,Kb6O2sUUNJcDUJKngGnmzncrOW63,SILVER,422,774,0.5452196382428941,0.8,1.540000000000001,0.5,0.4,2.440000000000001,2,1,1,9,9
109,5f0d2ad60ad0d6730c380b05,KqpSylQucFg2p1YvCgI3bhIST0y1,GOLD,137,271,0.5055350553505535,1.0,0.7890000000000006,0.5,0.5,1.7890000000000006,4,1,1,9,9
110,5f3ca0a3e30eacb376290fe1,L6AiOpstyyfgJ4Ni9N8SGqb7SQ32,GOLD,242,397,0.6095717884130982,0.5,0.7870000000000008,0.5,0.25,1.5370000000000008,2,1,0,9,9
111,5b99867122901b0001fdbd15,LD1hsrq223b5Naw2ruyXIMPG9II2,GOLD,219,497,0.44064386317907445,1.0,2.0660000000000007,0.45,0.5,3.016000000000001,4,1,1,9,9
112,5f51947ba90f9b3ea1d2fe61,LcbPfRRf6vgcH5YOJt3jOkfKo423,SILVER,401,402,0.9975124378109452,1.0,1.8170000000000002,0.45,0.30000000000000004,2.567,4,1,0,9,9
113,5eda94f69f275211dff92234,MCxCxdAoVpaKYxeD4lY0hFJIAum2,GOLD,0,19,0.0,1.0,-1.835,0.5,0.5,-0.835,4,1,0,9,9
114,5d0e9d1bf403080016411381,MPce1TaNIzfhBmkR44yJrZoyW6n2,GOLD,280,295,0.9491525423728814,1.0,1.8529999999999998,0.5,0.5,2.8529999999999998,4,1,1,9,9
115,56a37d86dbe850000bfcef9d,Mwjec0nzCMWn9wfN1d48Wps1Lgy2,GOLD,120,296,0.40540540540540543,1.0,0.8719999999999999,0.5,0.5,1.8719999999999999,2,1,1,9,9
116,5ee7c65630668708f3ae178e,N29ldAGBEhUfqQWz0SPep9STafh2,SILVER,255,269,0.9479553903345725,1.0,3.272000000000001,0.5,0.5,4.272000000000001,4,1,1,9,9
117,5ee0181df2aa853667686d9b,NHyMBO8ea7ghSMME0lCnCLWpEYj1,GOLD,182,422,0.4312796208530806,0.0,2.002,0.5,0,2.502,3,1,0,9,9
118,585dd349445a5f00019b3b7c,NNVdH36zQmN94D5JJxMbP6ZTv7y2,GOLD,215,372,0.5779569892473119,1.0,0.5050000000000008,0.5,0.5,1.5050000000000008,0,0,1,9,9
119,5f4436e9c8221c1c22340f73,NcBYNtiEkGPPolPfV4XdiYVFcCW2,GOLD,25,40,0.625,1.0,-1.1319999999999997,0.45,0.5,-0.18199999999999972,4,1,1,7,7
120,5e13ad514c81b2a01ae4aa9f,NicWknU0cqTuJjn1b9nygah8hww1,GOLD,247,566,0.4363957597173145,1.0,-0.40300000000000047,0.5,0.5,0.5969999999999995,4,1,1,9,9
121,5c748f00300d3d000126ef3b,NqXXnMWZTNPxKH0LppvW1fbFnoj1,GOLD,259,556,0.4658273381294964,0.3,2.2239999999999993,0.5,0.15000000000000002,2.873999999999999,4,1,0,9,9
122,5d74001d391b6600175f433b,OSkMNt0LJwdMlSpaQtp7yBPcN9u2,GOLD,416,699,0.5951359084406295,1.0,0.7620000000000005,0.5,0.5,1.7620000000000005,4,1,1,9,9
123,5f50c007023a500535adaacc,PSRDsH2ElnVaDVPBirfFu2NhQYO2,GOLD,156,386,0.40414507772020725,0.2,-0.03799999999999937,0.5,0.1,0.5620000000000006,1,0,0,9,9
124,5ec4036c6750982ab9d70dd5,PXx3WKRXY2XgNVzaru2e5fT5n9v2,SILVER,376,448,0.8392857142857143,0.6,1.0739999999999998,0.5,0.30000000000000004,1.8739999999999999,4,1,0,9,9
125,5e9f90b332b4b4134dfc2384,PdwmsVSB5AesdYQlwhHa4Xs8xPt1,SILVER,304,569,0.5342706502636204,0.9,1.333000000000001,0.5,0.45,2.2830000000000013,4,1,1,9,9
126,5e59abf6a2f2c51b5edabbf1,PpteRiMj00O3VlTT8sjHPNtR1uT2,SILVER,270,271,0.996309963099631,1.0,1.529,0.5,0.5,2.529,4,1,1,9,9
127,5e3adfc595ff562fbdd130fa,QEd6fj0oa3f6SP0Nnz1bk3mssRy1,GOLD,15,44,0.3409090909090909,1.0,-1.1359999999999997,0.5,0.5,-0.13599999999999968,4,1,1,7,6
128,5a6b4cd2d5d4cb0001d64740,QOwdpIUFgmfeRIMrxmQy18qolaA3,GOLD,441,445,0.9910112359550561,1.0,1.9619999999999997,0.5,0.5,2.9619999999999997,4,1,1,9,9
129,5c9e65d52707e10001a00524,QPjlSJNbeARxBlUMFWUrP2cwY4w2,SILVER,390,783,0.49808429118773945,1.0,2.2730000000000006,0.5,0.5,3.2730000000000006,4,1,1,9,9
130,5f31c7c8152f590f64c8e902,QSdKZK3vjchXGWUSJ20xiYasU8G3,GOLD,143,144,0.9930555555555556,1.0,1.0310000000000006,0.5,0.5,2.0310000000000006,4,1,1,9,9
131,5d1acc6eb0c5a8001786de55,QW4aZepEQFUxMhIoYimFHjhzdn22,GOLD,258,524,0.49236641221374045,0.3,0.6220000000000008,0.5,0.15000000000000002,1.2720000000000007,2,1,0,9,9
132,5eab89102e910016bb0b5414,QatciRYMjeZ7KiRK1SJJI7MCbha2,SILVER,489,490,0.9979591836734694,1.0,1.5889999999999995,0.5,0.5,2.5889999999999995,2,1,1,9,9
133,5f58d7941af44708223b94da,QiRI6JZyhTUoRba5NncwJwJ4P6g2,SILVER,138,310,0.44516129032258067,1.0,1.923,0.5,0.5,2.923,4,1,1,9,9
134,5f4dde755080c69a84ccfe7e,R2CycdYwucaLgkHF24HGLZ65W183,SILVER,490,553,0.8860759493670886,1.0,1.1320000000000006,0.5,0.5,2.1320000000000006,4,1,1,9,9
135,5d37d2861566530016a061de,RDdDfgm6sEOpmCPx1rRl7UhpRyh2,GOLD,433,847,0.5112160566706021,0.5,1.0490000000000004,0.5,0.25,1.7990000000000004,4,1,0,9,9
136,5dc81319f375a959ed0ae171,RFoIHmNpn2UjpCT9DC9RIcuSl4c2,SILVER,117,229,0.5109170305676856,0.1,-0.5870000000000006,0.5,0.05,-0.03700000000000063,2,1,0,5,5
137,57656f6c2bfddf000125cce5,RgBYiV2xAdPWy5u3WdvUysxsZl53,SILVER,295,417,0.7074340527577938,0.9,2.4110000000000005,0.5,0.45,3.3610000000000007,4,1,1,9,9
138,5e443c4db923be2c783ef3c4,RiZeE8d2kOXn8luYkGCFRtf0qP53,SILVER,164,308,0.5324675324675324,0.9,1.4090000000000007,0.5,0.45,2.359000000000001,4,1,1,9,9
139,5f2d5b526afbc72de3b560a1,RilQ6nT2YJQZkLVtSR3h28F9B2n1,GOLD,141,343,0.4110787172011662,0.6,1.0990000000000002,0.4,0.30000000000000004,1.7990000000000002,0,0,0,9,9
140,5f47fb27144b1c26977010d2,Rx4kQNPRAdWqEd1j2PRK2Xz6htz1,GOLD,437,887,0.4926719278466742,1.0,1.9320000000000004,0.5,0.5,2.9320000000000004,4,1,1,9,9
141,5edfa689cf157d28a152a1d3,SC163kBeUBW2hkrIYyLsBy2yHRO2,SILVER,187,345,0.5420289855072464,0.5,1.3800000000000008,0.5,0.25,2.130000000000001,3,1,0,9,9
142,5f412dda8f02af2984589d2c,SCTjMbiNAjhaBNhTWpJwsmf69vC3,SILVER,67,151,0.44370860927152317,0.5,0.26200000000000045,0.45,0.25,0.9620000000000004,2,0,0,9,9
143,5ed9136966969246300908a1,SRBeqZe1pzc3S873T3e3tbucL0y2,GOLD,14,47,0.2978723404255319,0.0,0.9470000000000001,0.5,0,1.447,1,0,0,9,9
144,5e606b1eaf84e83c728748d7,SVEntrjY8taPtRZqiO8MtKuRA782,GOLD,76,220,0.34545454545454546,0.9,1.0519999999999996,0.5,0.45,2.002,4,1,1,9,9
145,5eeabb4143299b1e176fb83e,Slv1AnkHGQZi5wESOH5ONraX7k22,SILVER,98,512,0.19140625,0.4,1.2589999999999995,0.5,0.2,1.9589999999999994,4,1,0,9,9
146,5af5262f1b55800001f4a418,StXamrwSOFUxoXCuj4uNsyQ9DCy1,SILVER,160,429,0.372960372960373,1.0,10.41,1.08,1.2,12.69,2,1,1,9,9
147,5eca8de81197051fa92b5a6a,T4pZV7yZFEbRRXy4wUzSs0MjFAl1,GOLD,53,65,0.8153846153846154,1.0,-1.766,0.5,0.5,-0.766,4,1,1,4,4
148,5f2502c10858c4143fafa023,T5MAEumN0Zh639IwNaqF7tVZkIQ2,SILVER,536,1035,0.5178743961352656,0.9,-2.05,0.45,0.45,-1.15,4,1,1,7,7
149,5ed40ddff615650a50f1cbb2,TOvrGM5SFfauZUH01YhO5qX9eCi2,GOLD,259,522,0.49616858237547895,1.0,1.1840000000000002,0.5,0.5,2.184,2,1,1,9,9
150,5e9ca054511e7a1c5c5640e5,TV1oOVuME4ShrpgB2mxJuqjUphL2,SILVER,2,56,0.03571428571428571,-1,-2.64,0,0,-2.64,0,0,0,0,0
151,5dced33fc944d1018c53c520,UvNeTVZiqhapXCOTk8JIpsabrEp1,SILVER,180,326,0.5521472392638037,1.0,1.4660000000000002,0.5,0.5,2.466,4,1,1,9,9
152,5f406d28899a9b1a9ddd609a,VFN2chJS7TMrCJEsLezoLum6jDt2,SILVER,230,424,0.5424528301886793,0.6,2.6899999999999995,0.5,0.30000000000000004,3.4899999999999993,2,1,0,9,9
153,5f56801ffc0d190b3750869d,VHGv19AiWfVpCnmfERzT5fl2r432,GOLD,386,386,1.0,0.9,0.7100000000000009,0.5,0.45,1.6600000000000008,4,1,1,9,9
154,5c672e424f67dc0001542d23,VaYjxliFnLaPhUXanCl3wt6zctf2,SILVER,61,162,0.3765432098765432,1.0,1.1620000000000008,0,0.5,1.6620000000000008,2,1,1,9,9
155,5ec492df4067b037f7a39aa9,VnHjQiPY8YO1vVptpVxsQkvIJZd2,SILVER,498,498,1.0,1.0,1.6610000000000005,0.5,0.5,2.6610000000000005,4,1,1,9,9
156,5e373f33a42bce6daa55ea65,VxwUfEPX91OURu7S6UCsyH3llBk2,GOLD,437,438,0.997716894977169,0.9,1.9210000000000003,0.5,0.45,2.8710000000000004,4,1,1,9,9
157,5dd40277e08a363e4e006384,VypUEE6PmtOJdQjLOPWQA4caL8s2,GOLD,28,93,0.3010752688172043,0.5,-1.4220000000000002,0.5,0.25,-0.6720000000000002,4,1,0,8,7
158,5d4a6459061e2a000138bad3,W1yjU0pZN2hcPmTicJH2yRBRBEe2,GOLD,10,27,0.37037037037037035,0.9,-2.703,0.5,0.45,-1.753,2,1,1,0,0
159,5f2a13417b4ac51dc95d38c1,W3X1CkymozRNMZv3S5zOSB7WzZc2,GOLD,230,402,0.572139303482587,1.0,3.380000000000001,0.5,0.5,4.380000000000001,4,1,1,9,9
160,5e975c32ca82b62079dc8f7c,WZ8lbnVwULVvUB8WwjPsoBxxDex2,GOLD,244,328,0.7439024390243902,1.0,1.2990000000000013,0.5,0.5,2.2990000000000013,4,1,1,9,9
161,5eeaff28cf5da71d691ef212,WdE1nk9y8JT4BtNfWEufspl615H3,GOLD,188,337,0.5578635014836796,0.4,1.1360000000000001,0.45,0.2,1.786,2,1,0,9,9
162,5d5eeb06d8bcde00162d73f1,WrH2LehEnwVGr2SttGI6jZ10XBE2,GOLD,193,391,0.4936061381074169,1.0,1.6589999999999998,0.35000000000000003,0.5,2.509,4,1,1,9,9
163,5d305152b2cfe00019231a2a,WwpqSr7VMnTEqtICPMbvXkF3WUR2,SILVER,37,91,0.4065934065934066,1.0,-1.6369999999999998,0.5,0.5,-0.6369999999999998,4,1,1,9,9
164,5daa6f580d55870011370fd3,X400ct9MWMVwCdT9FmtNHGQGjOG3,SILVER,270,515,0.5242718446601942,1.0,1.5879999999999992,0.4,0.5,2.487999999999999,4,1,1,9,9
165,5f0ef6c3ed6fb30009b6789a,X7Evgr2bx4WPR2mcoGvlcjfyWmz2,GOLD,204,386,0.5284974093264249,0.4,0.2999999999999998,0.5,0.2,0.9999999999999998,4,1,0,7,7
166,5baec88f733441000102c719,XEGT5J7sLtP3XJiDldw16cvtI3h2,GOLD,388,397,0.9773299748110831,1.0,1.9799999999999995,0.5,0.5,2.9799999999999995,4,1,1,9,9
167,5f31575ea1285460d5fa56d7,XeF78tFbQxSKeLulGzDMJ9tbr2P2,GOLD,558,764,0.7303664921465969,1.0,1.9670000000000005,0.5,0.5,2.9670000000000005,4,1,1,9,9
168,5f59205824e0da129d366963,Xpbhj12lafO4pKUWZJCDSZ94D0A3,SILVER,407,793,0.5132408575031526,0.4,0.6310000000000002,0.35000000000000003,0.2,1.1810000000000003,2,1,0,9,9
169,5f50d630390521264e606772,XxovxGPK0gYAksJhS2UOQBF5v5D3,SILVER,118,207,0.5700483091787439,0.0,0.9569999999999999,0.05,0,1.007,4,1,0,9,9
170,5dea5ba4446c901777bde897,YPzsYUKmFIUp3p9Klu7KCidx43w1,SILVER,516,935,0.5518716577540107,0.9,1.0840000000000005,0.5,0.45,2.0340000000000007,4,1,1,9,9
171,5f568b81712ed00cb3759181,YURQF3sNkLOSOPtOP5Hk666yFe82,SILVER,474,474,1.0,0.9,0.8109999999999999,0.5,0.45,1.761,4,1,1,9,9
172,5f0de10f4ad6270462e9c733,YVRbI4M7qoTNbm5m34s9wIHg3Ao2,GOLD,38,87,0.4367816091954023,1.0,-0.7899999999999996,0.5,0.5,0.2100000000000004,4,1,1,9,9
173,5ea8fe56a6d1a135a5a442cd,YryJpsBXjzVMqqbaBR381IaWEYE2,SILVER,394,778,0.506426735218509,0.6,2.9590000000000014,0.5,0.30000000000000004,3.7590000000000012,2,1,0,9,9
174,5ef618910c3e2e0bbf90cdb5,Z1fvgUBNbsankFad5b6WApCIsvm2,GOLD,153,153,1.0,1.0,1.149,0.5,0.5,2.149,4,1,1,9,9
175,5d1636739bc2590001d92557,ZCKjdgsWX3PIOosLFspz8vxovX12,GOLD,320,409,0.78239608801956,1.0,1.5210000000000008,0.5,0.5,2.521000000000001,4,1,1,9,9
176,5f2c45aae878880d8329ad6c,ZKfsUrap03OKs8XS15WPVM5TbvS2,GOLD,122,231,0.5281385281385281,0.8,1.8369999999999997,0.5,0.4,2.7369999999999997,0,0,1,9,9
177,5f10e4279df7fd42944120f3,ZNqBwhe9h2UFYX7iA2Ayk7l5Vo53,SILVER,152,322,0.4720496894409938,0.3,2.1130000000000013,0.5,0.15000000000000002,2.7630000000000012,4,1,0,9,9
178,5f4c76626c581c000a0d4713,ZPYTimQSa7c8tkVhWRVIVmZnG5u2,GOLD,314,372,0.8440860215053764,1.0,1.8760000000000003,0.5,0.5,2.8760000000000003,4,1,1,9,9
179,5c7e14531c3cf8001638b5b0,Zb38NIUbxqQL7g7inRiMl5gcoI53,GOLD,336,680,0.49411764705882355,0.0,1.9459999999999997,0.30000000000000004,0,2.2459999999999996,2,1,0,9,9
180,5ee313adc5615e26046d599b,ZmmZihdx68gbgUYr9V2trWSkr1G3,GOLD,458,768,0.5963541666666666,0.5,0.39400000000000013,0.45,0.25,1.094,2,1,0,9,9
181,5eb77fcb7516866b1aa8332f,ZqWaGYLT6IXQjIW9HqFDx5BqwRp2,SILVER,140,295,0.4745762711864407,1.0,2.051000000000001,0.5,0.5,3.051000000000001,2,1,1,9,9
182,5c3fc3d9c21f060001c48069,ZytndgRaWlTmryVscOlcmq4NNvl1,GOLD,138,279,0.4946236559139785,0.6,1.6430000000000007,0.5,0.30000000000000004,2.4430000000000005,0,0,0,9,9
183,5e8b32ec2c33ae7f20a0b401,Zz1EjYViw6Q3OFGVnd18X1n75Bv2,SILVER,383,709,0.5401974612129761,0.9,1.71,0.15000000000000002,0.45,2.31,2,1,1,9,9
184,537cc438fdf99b2274df9aae,a1J9Erm7xdXtcR7fY1PAoA1BhT83,GOLD,6,29,0.20689655172413793,0.6,-1.1019999999999999,0.5,0.30000000000000004,-0.3019999999999998,4,1,0,9,9
185,5dedf0483711364928753ecd,atDy9s4BYjdOhjEJWVsjG4rp9Vc2,SILVER,203,203,1.0,1.0,1.3330000000000002,0.5,0.5,2.333,4,1,1,9,9
186,5eea577ea3634e114e3c5473,bHKe8so3t7hAxnDx8dZONac8Nga2,GOLD,189,526,0.3593155893536122,0.6,1.2590000000000003,0.5,0.30000000000000004,2.059,4,1,0,9,9
187,5f02825de3eda5141350189f,bJNFryj72iWFoF9DeZrehzfxE0n2,SILVER,453,453,1.0,1.0,2.301,0.5,0.5,3.301,4,1,1,9,9
188,5c01d3c509e9c70001500b10,bK4JlnenkugVW96LHxDeytiKYyS2,SILVER,387,478,0.8096234309623431,1.0,1.4120000000000008,0.45,0.5,2.362000000000001,4,1,1,9,9
189,56f9fd2e8425ef00053a4234,bhnZ9ViQ5MflP6bTCcNhKgeWQMS2,GOLD,14,44,0.3181818181818182,1.0,-2.421,0.5,0.5,-1.4209999999999998,2,1,0,9,9
190,5f0364d114568454248b7d13,bkr5KZMfr3RdrQEkfB5BhkDHknH2,GOLD,329,724,0.4544198895027624,0.6,1.790000000000001,0.5,0.30000000000000004,2.5900000000000007,2,1,0,9,9
191,57d0a0bee3221e00015fe385,blPLocthybYvk0h1Z9MOQ1qQU4e2,SILVER,6,25,0.24,1.0,-1.8159999999999998,0.5,0.5,-0.8159999999999998,4,1,0,9,9
192,5d923c2e235f4b0017f269c2,cZ83hZ1NVaNOZS9qLtv0CkxIOtb2,SILVER,106,196,0.5408163265306123,1.0,1.1059999999999999,0.5,0.5,2.106,4,1,1,9,9
193,5c413bf7e1443100010745a6,clZENEqPhggh8kabXqQ4JJOrgkX2,GOLD,328,337,0.973293768545994,1.0,2.558,0.5,0.5,3.558,4,1,1,9,9
194,5f4fd146ee39f70f490889c9,cqfFlQixyJVjCsJmw1RS2nm8pC92,SILVER,508,1009,0.5034687809712587,0.9,2.1630000000000003,0.45,0.45,3.0630000000000006,2,1,1,9,9
195,5f46a1b4636f0603abf294a1,cwZ7MhKWlnUJCzeJDiQ28Vp0QJo1,GOLD,295,557,0.5296229802513465,0.8,1.6370000000000005,0.5,0.4,2.5370000000000004,2,1,1,9,9
196,56d0f57421cd29000a9737e4,d8eC7ipV2MWliBPk2bAUAWPdcos2,SILVER,452,452,1.0,1.0,0.8899999999999997,0.5,0.5,1.8899999999999997,4,1,1,9,9
197,5f48bc9bcf3436245e79a2c0,dU3aWmLuasRmWssmlInIlCXqnDi2,SILVER,474,891,0.531986531986532,0.1,1.3399999999999999,0.35000000000000003,0.05,1.74,2,1,0,9,9
198,5ee9745d9562c93212057ebb,dii4nKbkeMPks8QxLyMF0p1C59u2,SILVER,3,23,0.13043478260869565,1.0,0.38700000000000045,0.5,0.5,1.3870000000000005,4,1,0,9,9
199,5efbae03db267f13f2970746,dpGJHMHRFaZpFpRlOdE0UHiNbri1,GOLD,22,57,0.38596491228070173,1.0,-1.287,0.5,0.5,-0.2869999999999999,4,1,1,9,9
200,57e7bb4e73e67300012b8e2a,dvMIzVx0k0RvaazbY0Wq7tYZQtZ2,GOLD,0,441,0.0,1.0,2.8789999999999996,0.5,0.5,3.8789999999999996,2,1,0,9,9
201,5c7c1f95e926fc00160b4b45,dzLjSJu7XzZIZpiaRHGr1vhdaGG2,SILVER,60,72,0.8333333333333334,1.0,-1.1429999999999998,0.5,0.5,-0.1429999999999998,2,1,1,9,8
202,5af07905cdd7420001d60aea,eIWpaz8zu4SUresbeHQ59dlfrVJ3,SILVER,418,436,0.9587155963302753,1.0,1.7670000000000003,0.5,0.5,2.7670000000000003,4,1,1,9,9
203,5f31be30ec2f0d0e38805408,eOdPQoQnmbQWo3FaRlz3NCzCzVU2,GOLD,30,73,0.410958904109589,1.0,0.8680000000000012,0.5,0.5,1.8680000000000012,3,1,1,9,9
204,5dc483cf74939e34e55c3619,eQXoDlPphKTDGuKZA1lKgkCO5ko1,GOLD,264,536,0.4925373134328358,1.0,0.8710000000000004,0.5,0.5,1.8710000000000004,2,1,1,8,9
205,5c1b06d9a329230001ecc39c,ecsTpgU5MQfi8UvBB1pxRFSgvCF2,SILVER,353,363,0.9724517906336089,0.8,2.3370000000000006,0.5,0.4,3.2370000000000005,4,1,1,9,9
206,5f00b0999d47481d1dfae94b,efSO9r1qhwgqGExYqe4hL9fKX3Q2,SILVER,7,31,0.22580645161290322,1.0,0.5300000000000002,0.5,0.5,1.5300000000000002,4,1,0,8,8
207,5f49286a48bd2a43821fab14,egYPYuKKcuTC6EUdPUdBMFqwY4k1,GOLD,47,65,0.7230769230769231,1.0,1.8920000000000003,0.4,0.5,2.7920000000000003,4,1,1,9,9
208,5f4b3db4022f3f5eff00d4b3,eidQicDdDNXFFI4S21B4lccCs5Z2,GOLD,443,552,0.802536231884058,1.0,2.8130000000000006,0.5,0.5,3.8130000000000006,4,1,1,9,9
209,5c2c6e432c45d400014a35e3,eqS4YugCbISsv1jSsKWQkgOOl6F3,SILVER,291,621,0.46859903381642515,0.3,1.4500000000000002,0.5,0.15000000000000002,2.1,4,1,0,9,9
210,5d4ac837d2844e0001ecf699,f5Sw7XafCOcgv3MRtrtr41q8jlf2,GOLD,287,402,0.7139303482587065,1.0,0.7290000000000001,0.5,0.5,1.729,4,1,1,9,9
211,5de970024172e2000c9dacd2,f5nmiSOTf2MRi1pxwCBKFPAT2Um2,GOLD,392,787,0.49809402795425667,0.9,1.9659999999999993,0.5,0.45,2.9159999999999995,4,1,1,9,9
212,580cab86b869700001d71628,fPiXVbNUdIQxTmW86eDGm2nRyHk1,SILVER,155,323,0.47987616099071206,1.0,1.6269999999999998,0.45,0.5,2.577,4,1,1,9,9
213,5f49d1eb13fe2f5388f1b00c,fe3Jr6fGPSQ1xtoFkNJjohKz3nl2,GOLD,44,118,0.3728813559322034,0.0,0.726,0.30000000000000004,0,1.026,4,1,0,9,9
214,5dda51f040460e9a0f5f6a70,ftkUoGeOYrTNGFXV297Ivlci8063,SILVER,388,393,0.9872773536895675,1.0,1.9090000000000007,0.5,0.5,2.9090000000000007,4,1,1,9,9
215,5f12749ec1ac141c20bf38ab,fy7AUHAg3cT9xnLDCF4crB2DPhX2,GOLD,189,408,0.4632352941176471,1.0,2.1799999999999997,0.5,0.5,3.1799999999999997,4,1,1,9,9
216,57dd1a741334540001170404,gCVAWFLU7SX0NMSs8NmR85U1OxY2,SILVER,0,18,0.0,1.0,0.12700000000000067,0.5,0.5,1.1270000000000007,2,1,0,8,7
217,56e6a66af6ed900006a5867c,gCbx0bRqnRZgM36wX0aC2C00BUF2,SILVER,349,687,0.5080058224163028,0.5,1.5450000000000008,0.5,0.25,2.295000000000001,2,1,0,9,9
218,5f500418133110165a1539a9,gKavfE3UPDVpzV9WzdPhxRSUhrb2,GOLD,533,533,1.0,0.9,2.042,0.5,0.45,2.992,4,1,1,9,9
219,5edcadb5e81cb9000c4b07e0,gyID36vieHWiWB76tSK3u16tk2n1,GOLD,330,331,0.9969788519637462,0.9,1.883000000000001,0.5,0.45,2.833000000000001,4,1,1,9,9
220,59235471e937bd0001ca0245,h34Adto0NFQdSLcoF1xg6nQFJk53,SILVER,552,574,0.9616724738675958,1.0,1.5619999999999994,0.5,0.5,2.5619999999999994,4,1,1,9,9
221,5dc47ddd034b45342d3b2e3a,h5OAFrUBPqaXPQS7LMuVIsyohk53,SILVER,0,18,0.0,1.0,-1.093,0.4,0.5,-0.19299999999999995,4,1,0,7,6
222,5c872cded9fe700001024123,hFwF8j5jnyNTSJhYJ6BaJGMzJWw2,SILVER,6,30,0.2,0.5,1.2599999999999998,0.5,0.25,2.01,4,1,0,9,9
223,5dd71e92b966de6d215924b0,hYPhsgc10YNmJv11va1ld0N4m4l2,GOLD,299,606,0.4933993399339934,1.0,1.4760000000000009,0.5,0.5,2.476000000000001,0,0,1,9,9
224,5efd3f03dbefb617cf28b12e,htJFxMpay4h4swhZpbogUiafDeG3,GOLD,319,385,0.8285714285714286,1.0,1.5570000000000004,0.5,0.5,2.5570000000000004,4,1,1,9,9
225,5c4de8f726093e000134ee6e,iES8xyvqfbezsGEI70AXtwFNxVL2,SILVER,0,23,0.0,1.0,-0.7040000000000002,0.5,0.5,0.2959999999999998,1,0,0,9,9
226,5ec9d530f7f5db50c71639de,iJ4eeIMHF0YcIBOH5yqRbwhIs3g1,GOLD,11,42,0.2619047619047619,1.0,-0.30200000000000005,0.5,0.5,0.698,4,1,0,9,9
227,5e18311b05e15111038a6515,iN0Dbk0pmjNDMeecUNPaGFKJVl02,GOLD,115,345,0.3333333333333333,1.0,-1.1520000000000001,0,0.5,-0.6520000000000001,0,0,1,9,8
228,5d8767e3810e200001b91afb,iU9SROogmxX5vOkpcvJnphk9EJi2,SILVER,0,24,0.0,1.0,-1.771,0.5,0.5,-0.7709999999999999,2,1,0,9,9
229,5f2dcc2ab5f3f20f53df3a4d,itt99E3sQVPSx9LFaXy7kq7nHZr2,GOLD,356,785,0.4535031847133758,0.0,1.2249999999999996,0,0,1.2249999999999996,4,1,0,8,8
230,5c6f00110b99a000018cc3c1,j41HpK8uLWPjaxJZ6kC6WZT7N452,GOLD,288,572,0.5034965034965035,1.0,1.3150000000000004,0.5,0.5,2.3150000000000004,2,1,1,9,9
231,5ecff62cb1b0dc08775b33f4,jALKpKSd6tSSx3oS2vQ7MDcJitv2,GOLD,158,582,0.27147766323024053,1.0,1.2420000000000009,0.5,0.5,2.242000000000001,2,1,0,9,9
232,5f4d68285a01eea23f58ac1d,jPHrqPlkH1VtFckvYzsmUHbdZKX2,SILVER,476,835,0.5700598802395209,1.0,1.8970000000000002,0.5,0.5,2.8970000000000002,2,1,1,9,9
233,5f52b10e0193bb5acbea65f3,jQi2jSB4CNfLB9StS40yeuW0nIn2,GOLD,405,889,0.45556805399325084,1.0,1.8920000000000012,0.5,0.5,2.8920000000000012,2,1,1,9,9
234,59f232c71f4f55000108a0d6,jtKwIx7CAOYShcuOGUoPddFA6gB2,GOLD,317,650,0.4876923076923077,0.9,1.862,0.45,0.45,2.7620000000000005,3,1,1,9,9
235,5ac68ddbe734400001da4729,kleyeLS1ziSXGAx6DgZ6wbEzxmC3,GOLD,307,649,0.47303543913713403,1.0,1.2930000000000001,0.5,0.5,2.293,4,1,1,9,9
236,5f23168ae0d0d0074122da0f,lETzotOCKDcF6YVE5HOle6VBWXs2,SILVER,291,607,0.4794069192751236,1.0,2.4930000000000003,0.45,0.5,3.4430000000000005,4,1,1,9,9
237,5be8781a9bfece0001f0fac6,lPOKosZY0tZlr3R1bBBNQ6s2U8K2,GOLD,304,305,0.9967213114754099,0.9,1.689000000000001,0.5,0.45,2.639000000000001,4,1,1,9,9
238,5eeb40268b898027a055bfa3,ljUMuGmmW1UhUIub3wJYeZA8cU72,GOLD,199,280,0.7107142857142857,1.0,1.8979999999999997,0.5,0.5,2.8979999999999997,4,1,1,9,9
239,5e3c1fbece3a7b000a6fd95a,lmdlVm4kNbauwIelO3FSAsMWM8c2,GOLD,289,592,0.48817567567567566,1.0,2.1350000000000007,0.15000000000000002,0.5,2.7850000000000006,2,1,1,9,9
240,5f4e3251f271beb23bee6a39,lwFwXIUwC0RkLbMCeLIYBT4OQBp1,GOLD,131,235,0.5574468085106383,1.0,1.511000000000001,0.5,0.5,2.511000000000001,4,1,1,8,9
241,5f4af15a0add63150e16e55a,m4JRFBT8iHgigERJzG8ua6LbeVu2,GOLD,1,19,0.05263157894736842,1.0,2.0980000000000008,0.5,0.5,3.0980000000000008,4,1,0,9,9
242,5f3c3a67d38fdc1e96c569e0,mGm1IREcPZMI3xRSsdDbLjaHzMe2,GOLD,288,288,1.0,0.9,1.8250000000000002,0.5,0.45,2.7750000000000004,4,1,1,9,9
243,5f16f559325a640008bb9a07,mI0jfknSjfckLyi9gi2NABHvT8Z2,GOLD,116,221,0.5248868778280543,0.6,-0.0349999999999997,0.5,0.30000000000000004,0.7650000000000003,3,1,0,9,9
244,55bcb211fdf99b1068d97558,mJla8aHPGHTjPzS7gKihBYUTGqw1,SILVER,453,453,1.0,1.0,1.6729999999999992,0.5,0.5,2.672999999999999,4,1,1,9,9
245,5e3c2a01b2ce5a000b03ecae,mPuzfP2Io4dqWMzhBSsYrmHVUnh1,GOLD,125,279,0.44802867383512546,0.6,0.24800000000000022,0.5,0.30000000000000004,1.0480000000000003,3,1,0,8,7
246,59288c238bc6770001fc1d6e,mVGwYdUrEDerGmu4CRfhzhNaIbh1,SILVER,0,83,0.0,1.0,-0.8829999999999996,0.5,0.5,0.11700000000000044,2,1,0,9,9
247,5f4f29b8c154ed17df64546b,n0TF38y5WCTzWZmBZJRGkYLmrqL2,GOLD,337,691,0.487698986975398,0.5,1.2790000000000008,0.5,0.25,2.029000000000001,2,1,0,9,9
248,5f565fa979a86f077c454e94,nWwzoNLnhmTSpSh9TllhMkVeIJO2,SILVER,180,519,0.3468208092485549,1.0,2.115,0.5,0.5,3.115,2,1,1,9,9
249,5f517ddee960a93daa69b8bb,neWFuqen5Rax1xAr2QRaxJ06rc53,SILVER,572,583,0.9811320754716981,1.0,2.1450000000000005,0.5,0.5,3.1450000000000005,4,1,1,9,9
250,5e83a70264ef720de1e5e694,ntlVDnQKPzYC5FuozGUphfBSqdx1,GOLD,395,396,0.9974747474747475,1.0,2.7020000000000017,0.5,0.5,3.7020000000000017,4,1,1,9,9
251,5d6fd81dba96c60001bc2592,o5wXJ5ahppciTxjq8E3jXRuuOOj2,GOLD,98,259,0.3783783783783784,1.0,-0.09399999999999942,0.5,0.5,0.9060000000000006,2,1,1,9,9
252,5f441dda761e0a72e306807d,oCOfYDNZVpTcO93oyVdiVUa2B8b2,SILVER,442,445,0.9932584269662922,0.9,2.588,0.5,0.45,3.5380000000000003,4,1,1,9,9
253,5ee36fc1631f490353a6b2da,oJgwK8ojRgQehX6YnkCpuu9vEDl2,GOLD,9,32,0.28125,0.0,-1.7040000000000002,0.45,0,-1.2540000000000002,2,1,0,6,4
254,5f376463935f741d9eb56aa5,oPIcPv8ycsRaAXi3JY0tB1GEfYw2,GOLD,332,364,0.9120879120879121,1.0,2.484,0.5,0.5,3.484,4,1,1,9,9
255,5cba1809102bd400130c19e7,oSIX2APob9gnHhQpJFSFIvKMGtG3,GOLD,0,313,0.0,0.9,1.1799999999999997,0.35000000000000003,0.45,1.9799999999999998,0,0,0,9,9
256,5f58b133082c5b033d0305c2,oYNgj48m7gdHdLUv1YHnzG6wnaA3,SILVER,71,196,0.3622448979591837,0.8,2.4880000000000013,0.45,0.4,3.3380000000000014,4,1,1,9,9
257,5f581a3fc74744386ba9e802,obBcwN2DmuQp6vSTVsDrNPxnA6i2,GOLD,282,664,0.4246987951807229,0.9,1.9729999999999999,0.5,0.45,2.923,2,1,1,9,9
258,5f4ecff5667ac0111f695757,orFKXvs2YcdailQJOSwr3hlN2b43,GOLD,254,470,0.5404255319148936,0.4,0.979000000000001,0.4,0.2,1.5790000000000008,2,1,0,9,9
259,5eea5fdcac5bc114627bdd67,p7GdwYvtcIZumtSqeVg4Qymulb13,SILVER,17,31,0.5483870967741935,0.5,-1.2929999999999997,0.5,0.25,-0.5429999999999997,4,1,0,9,9
260,5bbefe52ba8d7d0001953c11,pCOBwl7VfqTvjmM0QMUwmz7Neys1,SILVER,292,421,0.6935866983372921,1.0,1.8200000000000012,0.45,0.5,2.7700000000000014,2,1,1,9,9
261,5f06262c5c788a16745ca658,pXb1ntFGoNVi0aGpg7ILQObw9wp1,SILVER,2,19,0.10526315789473684,1.0,-0.935,0.5,0.5,0.06499999999999995,4,1,0,9,9
262,5c28113978fad50001932f58,pi7wBb8FBwNzwsi4HoobFN7NtjR2,GOLD,0,18,0.0,0.0,-2.315,0.5,0,-1.815,1,0,0,1,1
263,5a49713b7aebf70001154615,pjd77ZCCzFcT9TT2OCHoipJ8Vp13,SILVER,272,497,0.5472837022132797,1.0,0.6610000000000005,0.5,0.5,1.6610000000000005,2,1,1,9,9
264,5e35759f1c0a77521b3e4e7a,prdwRiTDriYWaN84GSAq3szRCjq1,GOLD,161,356,0.45224719101123595,0.8,1.1110000000000007,0.5,0.4,2.0110000000000006,2,1,1,9,9
265,5f182f7286310003c5ef8125,pwKOh3rJnshd71Fi26Of6i4ycce2,SILVER,164,165,0.9939393939393939,1.0,1.6720000000000006,0.5,0.5,2.6720000000000006,4,1,1,9,9
266,5f4e5470ade9a50008e5df29,q1zxX51vwVhQy1Vy6IYHsOXYIqv2,SILVER,14,45,0.3111111111111111,0.0,-0.6390000000000002,0.5,0,-0.13900000000000023,4,1,0,8,6
267,5afdde7e59ae1e00017e6737,q42dwo6QNQObHvifbdcM3Q58ege2,SILVER,395,395,1.0,1.0,1.8770000000000007,0.5,0.5,2.8770000000000007,4,1,1,9,9
268,5f173e88f0276307e13ef4c5,qGnvJGJTMUSp8xZyNOpaXB1gcxt2,SILVER,84,589,0.14261460101867574,1.0,2.42,0.5,0.5,3.42,2,1,0,9,9
269,5f03144271d0604adc1a5e8b,r2Zlk8FDfZhNU7LZ4UuSuODVq313,GOLD,376,800,0.47,1.0,2.0150000000000006,0.5,0.5,3.0150000000000006,4,1,1,9,9
270,58f3760092ac81000154f8af,r453jSDf3nbTaKov5tUujKTn17C3,SILVER,297,643,0.4618973561430793,0.1,1.814,0.5,0.05,2.364,2,1,0,9,9
271,5d950463c007fd0014524dc3,rL8c0MZth9QUw0JEfJSAyEPo4Zt1,SILVER,336,340,0.9882352941176471,1.0,1.439000000000001,0.5,0.5,2.439000000000001,4,1,1,9,9
272,5edaf0abba14031b7899eb3f,s07r3I76SGayLLKRuo6zT5oQBLp2,GOLD,273,571,0.47810858143607704,0.6,1.2069999999999999,0.5,0.30000000000000004,2.0069999999999997,2,1,0,9,9
273,5df180b59b92b1098c0d5818,sPUo9O5C90TwVpm9vvKr0OcOUd53,SILVER,226,452,0.5,0.4,1.1840000000000002,0.5,0.2,1.8840000000000001,4,1,0,9,9
274,5ee91afe009ed529a095019b,sZcgajPwVOckNWp16lUE9TcfZg32,SILVER,5,28,0.17857142857142858,0.9,-2.258,0.5,0.45,-1.308,4,1,0,5,5
275,5f3cbd50e3c3cf582d791ecd,skTTScYyNBRIQAy4Vso59YirgJe2,SILVER,32,75,0.4266666666666667,1.0,0.5419999999999998,0.4,0.5,1.4419999999999997,2,1,1,9,9
276,56db4c217dcddf000bd5853c,t2PKmPdpx7QKgNGAdGFX38OLOOI2,SILVER,57,117,0.48717948717948717,0.7,-2.266,0.5,0.35000000000000003,-1.416,0,0,0,4,5
277,5e372f7ee63d3c000b152fc2,t4C7DyB8JdO2stLa2lI2xuC0ukg2,GOLD,292,637,0.45839874411302983,0.0,0.6189999999999998,0.5,0,1.1189999999999998,1,0,0,9,8
278,5dcf0e94fce60605794da411,tD7ypCwhHlXHaN5JYP8Avn4CGii2,SILVER,56,163,0.34355828220858897,1.0,2.295000000000001,0.5,0.5,3.295000000000001,2,1,1,9,9
279,5f57c1f5ebda262c8446916e,tZy2rMwMOreorUVb5ynJxVhg7d13,SILVER,434,435,0.9977011494252873,0.9,1.3750000000000009,0.5,0.45,2.325000000000001,4,1,1,9,9
280,59ad6f1e09709e00013c2ba5,tbtYzhQTrUcfTdF4Xuo7HVdsOjJ3,GOLD,36,88,0.4090909090909091,1.0,0.013000000000000789,0.5,0.5,1.0130000000000008,2,1,1,9,9
281,5dd86784dcec8782b85cb5bb,trk18v8k7FbnORTxex75nzP1VzF2,GOLD,278,563,0.4937833037300178,0.1,0.7229999999999999,0.35000000000000003,0.05,1.123,2,1,0,7,9
282,55b9a9b0fdf99b6906d2aba4,u7xANIngv5eIPKUcgYf8ubJOTUw2,GOLD,388,389,0.9974293059125964,1.0,1.338000000000001,0.5,0.5,2.338000000000001,4,1,1,8,9
283,5e9b44743ed5ca041adb1830,uLhsDyAHZ6Wd5vPMhx2WIx4ehZv2,GOLD,389,745,0.5221476510067115,0.9,1.4330000000000007,0.5,0.45,2.383000000000001,2,1,1,8,9
284,5f49c814144b1c53853c3a04,uT3bMnyV5wbb0a99OkdD4sLHMLh1,GOLD,234,470,0.4978723404255319,0.4,0.5629999999999997,0.5,0.2,1.2629999999999997,0,0,0,9,9
285,5e307edef5abed05e1736185,ud1Bb0CHMAfa05SvPSK1sZXliBo2,GOLD,181,335,0.5402985074626866,0.6,0.7860000000000005,0.45,0.30000000000000004,1.5360000000000005,2,1,0,8,8
286,5ed57ec8141d24118731f1bc,urytWveuQjct3d8ZZpykXVRW37n2,SILVER,100,245,0.40816326530612246,0.6,2.7270000000000003,0.4,0.30000000000000004,3.4270000000000005,2,1,0,9,9
287,5ee58dc80d29732d11277f16,usx8ng7s4ghOy8cH25g87fguZt53,GOLD,235,512,0.458984375,1.0,2.0890000000000004,0.5,0.5,3.0890000000000004,2,1,1,9,9
288,5a7cb079aa46dd00016b5bfb,uxPKTAWLaNUfUZL0oUpFvXCX0Nr2,SILVER,176,370,0.4756756756756757,0.5,2.357000000000001,0.5,0.25,3.107000000000001,2,1,0,9,9
289,5c5924c553fba80001bd7ad9,vipi0zRX3YVqWoCPVryw85Art2s2,GOLD,127,198,0.6414141414141414,1.0,1.8270000000000008,0.45,0.5,2.777000000000001,4,1,1,9,9
290,5a791168f49c9a0001f31061,vxjZ60JnUXSGfoCzNmAB2PvDp783,SILVER,0,442,0.0,0.5,1.7850000000000001,0.5,0.25,2.535,0,0,0,9,9
291,5dce29700ad506063969a4a5,w4Oh8h0arucObcB9KTDy15g5vZm2,SILVER,393,399,0.9849624060150376,1.0,0.8900000000000006,0.4,0.5,1.7900000000000005,2,1,1,9,9
292,5f4849042648171ef6c2cdf8,w4zyTLYhEnhV9mZ1f4s6lc8CmHF2,SILVER,12,39,0.3076923076923077,0.9,-2.419,0.5,0.45,-1.469,4,1,0,9,9
293,5f0790f70d43911a1c0643d6,wDlvNF1HRwT4luWjuXqalNE0rxb2,GOLD,138,386,0.35751295336787564,0.9,0.5220000000000002,0.5,0.45,1.4720000000000002,0,0,1,9,9
294,5d332957d0635b00013bd785,wfqTkV5IOChvlLSiDKQaoqbOJoO2,SILVER,156,331,0.47129909365558914,1.0,0.804000000000002,0.45,0.5,1.754000000000002,4,1,1,9,9
295,5ea7b13e8ac6491a2050e619,ww9EIPgpS2PxlRrj4iXCzbQi6H52,SILVER,12,169,0.07100591715976332,1.0,-2.552,0.5,0.5,-1.552,0,0,0,1,3
296,5761c23632676f0007eb36b3,x04alA2uPiawFaE1rg7Gy6pzOxK2,SILVER,94,246,0.3821138211382114,0.8,1.3019999999999996,0.5,0.4,2.2019999999999995,2,1,1,9,9
297,55595b70fdf99b387ae30d2b,x0mpFeQjojN1qXzeEKyZT4h9VS52,GOLD,458,488,0.9385245901639344,0.9,1.8659999999999997,0.5,0.45,2.816,4,1,1,9,9
298,5d4b265b72db9d0015e8aac6,x5C7GdQRm9gPpZ9GbfwMc9bTJMp1,GOLD,245,288,0.8506944444444444,1.0,1.9180000000000001,0.5,0.5,2.918,4,1,1,9,9
299,5ec56cdeb4fbc35443d90d0f,xBk3GAY9AnZf3Z5AeIzmjqbGzuw2,SILVER,243,460,0.5282608695652173,0.6,1.2530000000000001,0.5,0.30000000000000004,2.053,4,1,0,9,9
300,5ee985f0ef5683339cc7a098,xcNdZBWgPiglXVvGDkEREZ0F0tD2,SILVER,164,305,0.5377049180327869,1.0,-2.237,0.5,0.5,-1.237,4,1,1,5,5
301,5ef9df1812148a78af8e76dc,xnar6F5pKHUU4fz30NGvswpm2B62,GOLD,187,188,0.9946808510638298,1.0,1.846,0.5,0.5,2.846,4,1,1,9,9
302,5e2d68c9c3d5e4362c056e55,xxMSMo4eeic8W8EXNSSgaBVxIxQ2,GOLD,423,935,0.45240641711229945,0.2857142857142857,0.9939999999999998,0.45,0.1,1.5439999999999998,4,1,0,9,9
303,5490c822fdf99b71ba910e1a,yA3RmrvtLqRYgGKANMGQOy8SR4u1,GOLD,169,264,0.6401515151515151,1.0,1.399,0.45,0.5,2.349,4,1,1,9,9
304,5f0a40e804954e313f18dcb1,yVzdZJHB7NhBhEqDGb0eueVixBs2,GOLD,18,244,0.07377049180327869,0.8,-0.41600000000000037,0.45,0.4,0.43399999999999966,2,1,0,9,9
305,5c9e89d950dde20001ce12b3,ycKLbjWoeagu05kIj67uLG3bTY12,GOLD,59,157,0.37579617834394907,0.0,-0.9380000000000006,0.5,0,-0.4380000000000006,0,0,0,8,9
306,5f46cd85e858dd0a24269315,ym7e7HzFLkdi4NvcnXwN9SLs2av1,GOLD,215,431,0.4988399071925754,0.2,1.1309999999999993,0.4,0.1,1.6309999999999993,4,1,0,9,9
307,53979923fdf99b1ccc3f11f6,yorQmC3ilkawNWRItsa4LLEx8Xe2,SILVER,321,375,0.856,1.0,0.5810000000000004,0.5,0.5,1.5810000000000004,4,1,1,9,9
308,5905510a24375600010c7f83,zKgEFJXSqJYLHXfjMuVmDr7khwD3,SILVER,560,604,0.9271523178807947,0.9,2.2409999999999997,0.5,0.45,3.191,4,1,1,9,9
309,5f1b1f6a908b2609a62ab7ad,zVHOVictZuRzo4dDKDluJQC4xUE3,SILVER,473,528,0.8958333333333334,1.0,1.2239999999999993,0.5,0.5,2.2239999999999993,4,1,1,9,9
310,5bcbeeee32e46700016f1a2f,zeZCW2QxppVPfqnhBSYpFhwF7N62,GOLD,48,274,0.17518248175182483,1.0,1.471,0.5,0.5,2.471,2,1,0,9,9
311,5ddf3a3a23f9f1eabaf02ad5,zi9vDcIjijgyyv7vQdLXfSv9Zbj1,GOLD,338,378,0.8941798941798942,1.0,1.133000000000001,0.5,0.5,2.133000000000001,4,1,1,9,9
312,5eb874e6c1a2497c3e723cdd,zpKmAZfGklbzRrHRK75HWgp23062,SILVER,435,474,0.9177215189873418,0.5,1.822,0.5,0.25,2.572,4,1,0,9,9
313,5b666901f7798c000182c01c,zsEACjq1vmbAOhzi4q1ELZ83E293,GOLD,17,54,0.3148148148148148,1.0,-1.9009999999999998,0.5,0.5,-0.9009999999999998,4,1,0,9,9
314,5dd3285739bca132e4786d37,zt9oKSSYmbYB0lqIrq2VZ6caRtn1,SILVER,120,125,0.96,1.0,1.415,0.5,0.5,2.415,2,1,1,8,8
